{"todayColCnt":4,"tmrwColCnt":8,"atmrwColCnt":3,"maxTmpr":22,"minTmpr":13,"townWetrs":[{"ymd":"20190508","hh":"12","wetrCd":1,"wetrTxt":"맑음","tmpr":20,"rainProb":0,"windDrctn":"SW","windSpd":4,"humd":35},{"ymd":"20190508","hh":"15","wetrCd":2,"wetrTxt":"구름조금","tmpr":21,"rainProb":10,"windDrctn":"SW","windSpd":5,"humd":35},{"ymd":"20190508","hh":"18","wetrCd":21,"wetrTxt":"구름많음","tmpr":19,"rainProb":20,"windDrctn":"SW","windSpd":4,"humd":40},{"ymd":"20190508","hh":"21","wetrCd":21,"wetrTxt":"구름많음","tmpr":16,"rainProb":20,"windDrctn":"SW","windSpd":2,"humd":45},{"ymd":"20190509","hh":"00","wetrCd":21,"wetrTxt":"구름많음","tmpr":15,"rainProb":20,"windDrctn":"S","windSpd":2,"humd":55},{"ymd":"20190509","hh":"03","wetrCd":21,"wetrTxt":"구름많음","tmpr":13,"rainProb":20,"windDrctn":"S","windSpd":1,"humd":65},{"ymd":"20190509","hh":"06","wetrCd":21,"wetrTxt":"구름많음","tmpr":13,"rainProb":20,"windDrctn":"S","windSpd":1,"humd":70},{"ymd":"20190509","hh":"09","wetrCd":21,"wetrTxt":"구름많음","tmpr":17,"rainProb":20,"windDrctn":"S","windSpd":2,"humd":45},{"ymd":"20190509","hh":"12","wetrCd":21,"wetrTxt":"구름많음","tmpr":21,"rainProb":20,"windDrctn":"SW","windSpd":3,"humd":20},{"ymd":"20190509","hh":"15","wetrCd":21,"wetrTxt":"구름많음","tmpr":22,"rainProb":20,"windDrctn":"W","windSpd":4,"humd":20},{"ymd":"20190509","hh":"18","wetrCd":2,"wetrTxt":"구름조금","tmpr":19,"rainProb":10,"windDrctn":"W","windSpd":3,"humd":30},{"ymd":"20190509","hh":"21","wetrCd":2,"wetrTxt":"구름조금","tmpr":16,"rainProb":10,"windDrctn":"SW","windSpd":2,"humd":45},{"ymd":"20190510","hh":"00","wetrCd":2,"wetrTxt":"구름조금","tmpr":14,"rainProb":10,"windDrctn":"S","windSpd":1,"humd":60},{"ymd":"20190510","hh":"03","wetrCd":2,"wetrTxt":"구름조금","tmpr":14,"rainProb":10,"windDrctn":"S","windSpd":1,"humd":65},{"ymd":"20190510","hh":"06","wetrCd":2,"wetrTxt":"구름조금","tmpr":13,"rainProb":10,"windDrctn":"E","windSpd":0,"humd":75}]}